verb,voice,verb_renamed,communicative,pure,discourse_participation,state_changing,private,emotive,cognitive,stative,telic,activity,evidential ,unclear_classification,unclear_usage,unclear_sub_classification,stative_predicate,dynamic_predicate
accept,active,accept,yes,,yes,,yes,,yes,yes,,,,,,,yes,yes
acknowledge,active,acknowledge,yes,,yes,,yes,,yes,yes,,,,,,,yes,yes
add,active,add,yes,,yes,,,,,,,,,,,,,yes
address,active,address,yes,,yes,,,,,,,,,,,,,yes
admit,active,admit,yes,,yes,,,,,,,,,,,,,yes
advertise,active,advertise,yes,,,yes,,,,,,,,,,,,yes
advise,active,advise,yes,,,yes,,,,,,,,,,,,yes
advise,passive,be advised,,,,,yes,,,,,,yes,,,,,yes
affirm,active,affirm,yes,,yes,,,,,,,,,,,,,yes
aggravate,passive,be aggravated,,,,,yes,yes,,,,,,,,,yes,
agitate,passive,be agitated,,,,,yes,yes,,,,,,,,,yes,
agonize,active,agonize,,,,,yes,,yes,,,yes,,,,,,yes
agonize,passive,be agonized,,,,,yes,yes,,,,,,,,,yes,
agree,active,agree,yes,,yes,,yes,,yes,yes,,,,,,,yes,yes
alarm,passive,be alarmed,,,,,yes,yes,,,,,,,,,yes,
alert,passive,be alerted,,,,,yes,,,,,,yes,,,,,yes
allege,active,allege,yes,,yes,,,,,,,,,,,,,yes
amaze,passive,be amazed,,,,,yes,yes,,,,,,,,,yes,
amuse,passive,be amused,,,,,yes,yes,,,,,,,,,yes,
anger,passive,be angered,,,,,yes,yes,,,,,,,,,yes,
anguish,passive,be anguished,,,,,yes,yes,,,,,,,,,yes,
announce,active,announce,yes,,yes,,,,,,,,,,,,,yes
annoy,passive,be annoyed,,,,,yes,yes,,,,,,,,,yes,
answer,active,answer,yes,,yes,,,,,,,,,,,,,yes
anticipate,active,anticipate,,,,,yes,,yes,yes,,,,,,,yes,
apologize,active,apologize,yes,,yes,,,,,,,,,,,,,yes
appall,passive,be appalled,,,,,yes,yes,,,,,,,,,yes,
appreciate,active,appreciate,,,,,yes,,yes,yes,,,,,,,yes,
approve,active,approve,yes,,yes,,,,,,,,,,,,,yes
argue,active,argue,yes,,yes,,,,,,,,,,,,,yes
arouse,passive,be aroused,,,,,yes,yes,,,,,,,,,yes,
articulate,active,articulate,yes,yes,,,,,,,,,,,,,,yes
ascertain,active,ascertain,,,,,yes,,yes,,yes,,,,,,,yes
assert,active,assert,yes,,yes,,,,,,,,,,,,,yes
assess,active,assess,,,,,yes,,yes,,yes,,,,,,,yes
assume,active,assume,,,,,yes,,yes,yes,,,,,,,yes,
assure,passive,be assured,,,,,yes,,,,,,yes,,,,,yes
astonish,passive,be astonished,,,,,yes,yes,,,,,,,,,yes,
astound,passive,be astounded,,,,,yes,yes,,,,,,,,,yes,
attest,active,attest,yes,,yes,,,,,,,,,,,,,yes
authorize,active,authorize,yes,,yes,,,,,,,,,,,,,yes
babble,active,babble,yes,yes,,,,,,,,,,,,,,yes
baffle,passive,be baffled,,,,,yes,yes,,,,,,,,,yes,
bark,active,bark,yes,yes,,,,,,,,,,,,,,yes
beam,active,beam,yes,yes,,,,,,,,,,,,,,yes
befuddle,passive,be befuddled,,,,,yes,yes,,,,,,,,,yes,
believe,active,believe,,,,,yes,,yes,yes,,,,,,,yes,
bellow,active,bellow,yes,yes,,,,,,,,,,,,,,yes
bet,active,bet,yes,,yes,,,,,,,,,,,,,yes
bet,passive,be bet,,,,,yes,,,,,,yes,,,,,yes
bicker,active,bicker,yes,,yes,,,,,,,,,,,,,yes
bitch,active,bitch,yes,,yes,,,,,,,,,,,,,yes
blame,passive,be blamed,,,,,,,,,,,,yes,,,,yes
bless,passive,be blessed,,,,,,,,,,,,yes,,,yes,
blog,active,blog,yes,yes,,,,,,,,,,,,,,yes
boast,active,boast,yes,,yes,,,,,,,,,,,yes,,yes
boggle,passive,be boggled,,,,,yes,yes,,,,,,,,,yes,
bother,passive,be bothered,,,,,yes,yes,,,,,,,,,yes,
brag,active,brag,yes,,yes,,,,,,,,,,,yes,,yes
broadcast,active,broadcast,yes,yes,,,,,,,,,,,,,,yes
bug,passive,be bugged,,,,,yes,yes,,,,,,,,,yes,
cackle,active,cackle,yes,yes,,,,,,,,,,,,,,yes
calculate,active,calculate,,,,,yes,,yes,,yes,,,,,,,yes
care,active,care,,,,,yes,yes,,,,,,,,,yes,
categorize,active,categorize,yes,,,yes,,,,,,,,,,,,yes
celebrate,active,celebrate,yes,,,,,,,,,,,,,,,yes
certify,active,certify,yes,,,,,,,,,,,,,,,yes
challenge,active,challenge,yes,,yes,,,,,,,,,,,,,yes
challenge,passive,be challenged,,,,,,,,,,,,yes,,,,yes
chant,active,chant,yes,yes,,,,,,,,,,,,,,yes
charge,active,charge,yes,,yes,,,,,,,,,,,,,yes
charm,passive,be charmed,,,,,yes,yes,,,,,,,,,yes,
chastise,passive,be chastised,,,,,yes,,,,,,yes,,,,,yes
chatter,active,chatter,yes,yes,,,,,,,,,,,,,,yes
check,active,check,,,,,yes,,yes,,yes,,,,,,,yes
cheer,active,cheer,yes,yes,,,,,,,,,,,,,,yes
cheer,passive,be cheered,,,,,yes,yes,,,,,,,,,yes,
chronicle,active,chronicle,yes,yes,,,,,,,,,,,,,,yes
circulate,active,circulate,yes,,yes,,,,,,,,,,,,,yes
claim,active,claim,yes,,yes,,,,,,,,,,,,,yes
clarify,active,clarify,yes,,yes,,,,,,,,,,,,,yes
come_out,active,come out,yes,,yes,,,,,,,,,,,,,yes
comfort,passive,be comforted,,,,,yes,yes,,,,,,,,,yes,
comment,active,comment,yes,,yes,,,,,,,,,,,,,yes
communicate,active,communicate,yes,,yes,,,,,,,,,,,,,yes
complain,active,complain,yes,,yes,,,,,,,,,,,,,yes
comprehend,active,comprehend,,,,,yes,,yes,yes,,,,,,,yes,
compute,active,compute,,,,,yes,,yes,,yes,,,,,,,yes
conceal,active,conceal,yes,,,yes,,,,,,,,,,,,yes
concede,active,concede,yes,,yes,,,,,,,,,,,,,yes
conceive,active,conceive,,,,,yes,,yes,yes,,,,,,,yes,
concern,passive,be concerned,,,,,yes,yes,,,,,,,,,yes,
conclude,active,conclude,,,,,yes,,yes,,yes,,,,,,,yes
confess,active,confess,yes,,yes,,,,,,,,,,,,,yes
confide,active,confide,yes,,yes,,,,,,,,,,,,,yes
confirm,active,confirm,yes,,yes,,,,,,,,,,,,,yes
congratulate,passive,be congratulated,,,,,yes,,,,,,yes,,,,,yes
conjecture,active,conjecture,,,,,yes,,yes,yes,,,,,,,yes,
consent,active,consent,yes,,yes,,,,,,,,,,,,,yes
console,passive,be consoled,,,,,yes,yes,,,,,,,,,yes,
consult,passive,be consulted,,,,,yes,,,,,,yes,,yes,,,yes
contact,passive,be contacted,,,,,yes,,,,,,yes,,yes,,,yes
contemplate,active,contemplate,,,,,yes,,yes,,,yes,,,,,,yes
contend,active,contend,yes,,yes,,,,,,,,,,,,,yes
content,passive,be content,,,,,yes,yes,,,,,,,,,yes,
contest,active,contest,yes,,yes,,,,,,,,,,,,,yes
convey,active,convey,yes,,yes,,,,,,,,,,,,,yes
convince,passive,be convinced,,,,,yes,,yes,yes,,,yes,,,,yes,yes
corroborate,active,corroborate,yes,,yes,,,,,,,,,,,,,yes
cringe,active,cringe,yes,,,,,,,,,,,,,,,yes
crush,passive,be crushed,,,,,yes,yes,,,,,,,,,yes,
cry,active,cry,yes,yes,,,,,,,,,,,,,,yes
curse,active,curse,yes,yes,,,,,,,,,,,,,,yes
daydream,active,daydream,,,,,yes,,yes,,,yes,,,,,,yes
daze,passive,be dazed,,,,,yes,yes,,,,,,,,,yes,
debate,active,debate,yes,,yes,,,,,,,,,,,,,yes
deceive,passive,be deceived,,,,,yes,,,,,,yes,,,,,yes
decide,active,decide,,,,,yes,,yes,,yes,,,,,,,yes
declare,active,declare,yes,,yes,,,,,,,,,,,,,yes
decree,active,decree,yes,,yes,,,,,,,,,,,,,yes
deduce,active,deduce,,,,,yes,,yes,,yes,,,,,,,yes
delight,passive,be delighted,,,,,yes,yes,,,,,,,,,yes,
delude,passive,be deluded,,,,,yes,,yes,yes,,,,,,,yes,
demand,active,demand,yes,,yes,,,,,,,,,,,,,yes
demonstrate,active,demonstrate,yes,,,yes,,,,,,,,,,,,yes
demoralize,passive,be demoralized,,,,,yes,yes,,,,,,,,,yes,
denounce,active,denounce,yes,,yes,,,,,,,,,,,,,yes
deny,active,deny,yes,,yes,,,,,,,,,,,,,yes
depict,active,depict,yes,yes,,,,,,,,,,,,,,yes
deplore,passive,be deplored,,,,,,,,,,,,yes,yes,,,
depress,passive,be depressed,,,,,yes,yes,,,,,,,,,yes,
derive,active,derive,,,,,yes,,yes,,yes,,,,,,,yes
describe,active,describe,yes,yes,,,,,,,,,,,,,,yes
desire,active,desire,,,,,yes,,yes,yes,,,,,,,yes,
despair,active,despair,,,,,yes,yes,,,,,,,,,yes,
despise,active,despise,,,,,yes,yes,,,,,,,,,yes,
detail,active,detail,yes,,yes,,,,,,,,,,,,,yes
detect,active,detect,,,,,yes,,yes,,yes,,,,,,,yes
determine,active,determine,,,,,yes,,yes,,yes,,,,,,,yes
detest,active,detest,,,,,yes,yes,,,,,,,,,yes,
devastate,passive,be devastated,,,,,yes,yes,,,,,,,,,yes,
diagnose,active,diagnose,,,,,yes,,yes,,yes,,,,,,,yes
dictate,active,dictate,yes,,yes,,,,,,,,,,,yes,,yes
disagree,active,disagree,yes,,yes,,yes,,yes,yes,,,,,,,yes,yes
disappoint,passive,be disappointed,,,,,yes,yes,,,,,,,,,yes,
disapprove,active,disapprove,,,,,yes,yes,,,,,,,,,yes,
disbelieve,active,disbelieve,,,,,yes,,yes,yes,,,,,,,yes,
disclose,active,disclose,yes,,yes,,,,,,,,,,,,,yes
discover,active,discover,,,,,yes,,yes,,yes,,,,,,,yes
discuss,active,discuss,yes,,yes,,,,,,,,,,,,,yes
disgrace,passive,be disgraced,,,,,yes,yes,,,,,,,,,yes,
disgruntle,passive,be disgruntled,,,,,yes,yes,,,,,,,,,yes,
disgust,passive,be disgusted,,,,,yes,yes,,,,,,,,,yes,
dishearten,passive,be disheartened,,,,,yes,yes,,,,,,,,,yes,
disillusion,passive,be disillusioned,,,,,yes,yes,,,,,,,,,yes,
dislike,active,dislike,,,,,yes,yes,,,,,,,,,yes,
dismay,passive,be dismayed,,,,,yes,yes,,,,,,,,,yes,
dismiss,active,dismiss,yes,,yes,,,,,,,,,,,,,yes
dispel,active,dispel,yes,,yes,,,,,,,,,,,,,yes
display,active,display,yes,yes,,,,,,,,,,,,,,yes
dispute,active,dispute,yes,,yes,,,,,,,,,,,,,yes
disregard,active,disregard,,,,,yes,,yes,yes,,,,,,,yes,
dissatisfy,passive,be dissatisfied,,,,,yes,yes,,,,,,,,,yes,
distress,passive,be distressed,,,,,yes,yes,,,,,,,,,yes,
disturb,passive,be disturbed,,,,,yes,yes,,,,,,,,,yes,
divulge,active,divulge,yes,,yes,,,,,,,,,,,,,yes
document,active,document,yes,yes,,,,,,,,,,,,,,yes
doubt,active,doubt,,,,,yes,,yes,yes,,,,,,,yes,
dread,active,dread,,,,,yes,yes,,,,,,,,,yes,
dream,active,dream,,,,,yes,,yes,,,yes,,,,,,yes
dupe,passive,be duped,,,,,yes,,,,,,yes,,,,,yes
educate,passive,be educated,,,,,yes,,,,,,yes,,,,,yes
elaborate,active,elaborate,yes,,yes,,,,,,,,,,,,,yes
elate,passive,be elated,,,,,yes,yes,,,,,,,,,yes,
elect,active,elect,,,,,yes,,yes,,yes,,,,,,,yes
email,active,email,yes,yes,,,,,,,,,,,,,,yes
email,passive,be emailed,,,,,yes,,,,,,yes,,,,,yes
embarrass,passive,be embarrassed,,,,,yes,yes,,,,,,,,,yes,
embellish,active,embellish,yes,yes,,,,,,,,,,,,,,yes
embitter,passive,be embittered,,,,,yes,yes,,,,,,,,,yes,
emphasize,active,emphasize,yes,yes,,,,,,,,,,,,,,yes
encourage,passive,be encouraged,,,,,yes,yes,,,,,,,,,yes,
endorse,active,endorse,yes,,yes,,,,,,,,,,,,,yes
enjoy,active,enjoy,,,,,yes,yes,,,,,,,,,yes,
enrage,passive,be enraged,,,,,yes,yes,,,,,,,,,yes,
ensure,active,ensure,,,,,,,,,,,,yes,,,,yes
enthrall,passive,be enthralled,,,,,yes,yes,,,,,,,,,yes,
enthuse,passive,be enthused,,,,,yes,yes,,,,,,,,,yes,
envision,active,envision,,,,,yes,,yes,yes,,,,,,,yes,
envy,active,envy,,,,,yes,yes,,,,,,,,,yes,
establish,active,establish,yes,,yes,,,,,,,,,,,,,yes
estimate,active,estimate,,,,,yes,,yes,yes,,,,,,,yes,
evaluate,active,evaluate,,,,,yes,,yes,,yes,,,,,,,yes
exasperate,passive,be exasperated,,,,,yes,yes,,,,,,,,,yes,
excite,passive,be excited,,,,,yes,yes,,,,,,,,,yes,
exclaim,active,exclaim,yes,yes,,,,,,,,,,,,,,yes
exhibit,active,exhibit,yes,yes,,,,,,,,,,,,,,yes
exhilarate,passive,be exhilarated,,,,,yes,yes,,,,,,,,,yes,
expect,active,expect,,,,,yes,,yes,yes,,,,,,,yes,
explain,active,explain,yes,,yes,,,,,,,,,,,,,yes
expose,active,expose,yes,,,yes,,,,,,,,,,,,yes
express,active,express,yes,yes,,,,,,,,,,,,,,yes
fabricate,active,fabricate,yes,,,yes,,,,,,,,,,,,yes
fake,active,fake,yes,,,yes,,,,,,,,,,,,yes
fantasize,active,fantasize,,,,,yes,,yes,,,yes,,,,,,yes
fascinate,passive,be fascinated,,,,,yes,yes,,,,,,,,,yes,
fax,active,fax,yes,yes,,,,,,,,,,,,,,yes
fax,passive,be faxed,,,,,yes,,,,,,yes,,,,,yes
fear,active,fear,,,,,yes,yes,yes,yes,,,,,,,yes,
feel,active,feel,,,,,yes,,yes,yes,,,,,,,yes,
feign,active,feign,yes,,,yes,,,,,,,,,,,,yes
fess_up,active,fess up,yes,,yes,,,,,,,,,,,,,yes
figure,active,figure,,,,,yes,,yes,yes,,,,,,,yes,
figure_out,active,figure out,,,,,yes,,yes,,yes,,,,,,,yes
find,active,find,,,,,yes,,yes,yes,,,,,,,yes,
find_out,active,find out,,,,,yes,,yes,,yes,,,,,,,yes
flatter,passive,be flattered,,,,,yes,yes,,,,,,,,,yes,
flaunt,active,flaunt,yes,,yes,,,,,,,,,,,yes,,yes
flip_out,active,flip out,yes,yes,,,,,,,,,,,,,,yes
flip_out,passive,be flipped out,,,,,yes,yes,,,,,,,,,yes,
floor,passive,be floored,,,,,yes,yes,,,,,,,,,yes,
fluster,passive,be flustered,,,,,yes,yes,,,,,,,,,yes,
fool,passive,be fooled,,,,,yes,,,,,,yes,,,,,yes
forecast,active,forecast,yes,yes,,,,,,,,,,,,yes,,yes
foresee,active,foresee,,,,,yes,,yes,yes,,,,,,,yes,
foretell,active,foretell,yes,yes,,,,,,,,,,,,yes,,yes
foretell,passive,be foretold,,,,,yes,,,,,,yes,,,,,yes
forget,active,forget,,,,,yes,,yes,yes,,,,,,,yes,
forgive,active,forgive,,,,,yes,,yes,,yes,,,,,,,yes
forgive,passive,be forgiven,,,,,,,,,,,,yes,,,,yes
freak_out,active,freak out,,,,,yes,yes,,,,,,,,,yes,
freak_out,passive,be freaked out,,,,,yes,yes,,,,,,,,,yes,
fret,active,fret,,,,,yes,yes,,,,,,,,,yes,
frighten,passive,be frightened,,,,,yes,yes,,,,,,,,,yes,
frustrate,passive,be frustrated,,,,,yes,yes,,,,,,,,,yes,
fuss,active,fuss,yes,,yes,,,,,,,,,,,,,yes
gab,active,gab,yes,yes,,,,,,,,,,,,,,yes
gall,passive,be galled,,,,,yes,yes,,,,,,,,,yes,
gasp,active,gasp,yes,yes,,,,,,,,,,,,,,yes
gather,active,gather,,,,,yes,,yes,,yes,,,,,,,yes
gauge,active,gauge,,,,,yes,,yes,,yes,,,,,,,yes
generalize,active,generalize,yes,,,yes,,,,,,,,,,,,yes
giggle,active,giggle,yes,yes,,,,,,,,,,,,,,yes
gladden,passive,be gladdened,,,,,yes,yes,,,,,,,,,yes,
gloat,active,gloat,yes,yes,,,,,,,,,,,,,,yes
gossip,active,gossip,yes,,yes,,,,,,,,,,,,,yes
gratify,passive,be gratified,,,,,yes,yes,,,,,,,,,yes,
grieve,active,grieve,,,,,yes,yes,,,,,,,,,yes,
grieve,passive,be grieved,,,,,yes,yes,,,,,,,,,yes,
grimace,active,grimace,yes,yes,,,,,,,,,,,,,,yes
grin,active,grin,yes,yes,,,,,,,,,,,,,,yes
groan,active,groan,yes,yes,,,,,,,,,,,,,,yes
growl,active,growl,yes,yes,,,,,,,,,,,,,,yes
grumble,active,grumble,yes,yes,,,,,,,,,,,,,,yes
grunt,active,grunt,yes,yes,,,,,,,,,,,,,,yes
guarantee,active,guarantee,yes,,,yes,,,,,,,,,,,,yes
guarantee,passive,be guaranteed,,,,,yes,,,,,,yes,,,,,yes
guess,active,guess,yes,,yes,,yes,,yes,yes,,,,,,,yes,yes
gush,active,gush,yes,yes,,,,,,,,,,,,,,yes
hallucinate,active,hallucinate,,,,,yes,,yes,,,yes,,,,,,yes
hate,active,hate,,,,,yes,yes,,,,,,,,,yes,
hear,active,hear,,,,,yes,,,,,,yes,,,,yes,
hearten,passive,be heartened,,,,,yes,yes,,,,,,,,,yes,
hint,active,hint,yes,,yes,,,,,,,,,,,,,yes
holler,active,holler,yes,yes,,,,,,,,,,,,,,yes
hoot,active,hoot,yes,yes,,,,,,,,,,,,,,yes
hope,active,hope,,,,,yes,,yes,yes,,,,,,,yes,
horrify,passive,be horrified,,,,,yes,yes,,,,,,,,,yes,
howl,active,howl,yes,yes,,,,,,,,,,,,,,yes
humble,passive,be humbled,,,,,yes,yes,,,,,,,,,yes,
hurt,passive,be hurt,,,,,yes,yes,,,,,,,,,yes,
hush_up,active,hush up,yes,,,yes,,,,,,,,,,,,yes
identify,active,identify,,,,,yes,,yes,,yes,,,,,,,yes
ignore,active,ignore,,,,,yes,,yes,yes,,,,,,,yes,
imagine,active,imagine,,,,,yes,,yes,yes,,yes,,,,,,yes
implore,active,implore,yes,,,yes,,,,,,,,,,,,yes
imply,active,imply,yes,,yes,,,,,,,,,,,,,yes
impress,passive,be impressed,,,,,yes,yes,,,,,,,,,yes,
incense,passive,be incensed,,,,,yes,yes,,,,,,,,,yes,
indicate,active,indicate,yes,,yes,,,,,,,,,,,,,yes
indict,active,indict,yes,,yes,,,,,,,,,,,,,yes
infer,active,infer,,,,,yes,,yes,,yes,,,,,,,yes
inform,passive,be informed,,,,,yes,,,,,,yes,,,,,yes
infuriate,passive,be infuriated,,,,,yes,yes,,,,,,,,,yes,
insinuate,active,insinuate,yes,,yes,,,,,,,,,,,,,yes
insist,active,insist,yes,,,yes,,,,,,,,,,,,yes
instruct,passive,be instructed,,,,,yes,,,,,,yes,,,,,yes
insult,passive,be insulted,,,,,yes,yes,,,,,,,,,yes,
intercept,active,intercept,,,,,yes,,,,,,yes,,,,,yes
interest,passive,be interested,,,,,yes,yes,,,,,,,,,yes,
intimidate,passive,be intimidated,,,,,yes,yes,,,,,,,,,yes,
intrigue,passive,be intrigued,,,,,yes,yes,,,,,,,,,yes,
investigate,active,investigate,,,,,yes,,yes,,yes,,,,,,,yes
invigorate,passive,be invigorated,,,,,yes,yes,,,,,,,,,yes,
irk,passive,be irked,,,,,yes,yes,,,,,,,,,yes,
irritate,passive,be irritated,,,,,yes,yes,,,,,,,,,yes,
jade,passive,be jaded,,,,,yes,yes,,,,,,,yes,,yes,
jar,passive,be jarred,,,,,yes,yes,,,,,,,,,yes,
jest,active,jest,yes,yes,,,,,,,,,,,,,,yes
joke,active,joke,yes,yes,,,,,,,,,,,,,,yes
judge,active,judge,,,,,yes,,yes,,yes,,,,,,,yes
know,active,know,,,,,yes,,yes,yes,,,,,,,yes,
leak,active,leak,yes,,yes,,,,,,,,,,,,,yes
learn,active,learn,,,,,yes,,yes,,yes,,,,,,,yes
lecture,active,lecture,yes,,yes,,,,,,,,,,,,,yes
lie,active,lie,yes,,,yes,,,,,,,,,,,,yes
like,active,like,,,,,yes,yes,,,,,,,,,yes,
listen,active,listen,,,,,,,,,,,,yes,yes,,,yes
loathe,active,loathe,,,,,yes,yes,,,,,,,,,yes,
log,active,log,yes,yes,,,,,,,,,,,,,,yes
love,active,love,,,,,yes,yes,,,,,,,,,yes,
madden,passive,be maddened,,,,,yes,yes,,,,,,,,,yes,
maintain,active,maintain,yes,,yes,,,,,,,,,,,,,yes
manufacture,active,manufacture,yes,,,yes,,,,,,,,,,,,yes
mark,active,mark,yes,yes,,,,,,,,,,,,,,yes
marvel,active,marvel,,,,,yes,yes,,,,,,,,,yes,
marvel,passive,be marvelled,,,,,yes,yes,,,,,,,,,yes,
measure,active,measure,,,,,yes,,yes,,yes,,,,,,,yes
mention,active,mention,yes,,yes,,,,,,,,,,,,,yes
miff,passive,be miffed,,,,,yes,yes,,,,,,,,,yes,
misinform,passive,be misinformed,,,,,yes,,,,,,yes,,,,,yes
mislead,passive,be misled,,,,,yes,,,,,,yes,,,,,yes
miss,active,miss,,,,,yes,,yes,yes,,,,,,,yes,
moan,active,moan,yes,yes,,,,,,,,,,,,,,yes
mortify,passive,be mortified,,,,,yes,yes,,,,,,,,,yes,
mourn,active,mourn,,,,,yes,yes,,,,,,,,,yes,
move,passive,be moved,,,,,yes,yes,,,,,,,,,yes,
mumble,active,mumble,yes,yes,,,,,,,,,,,,,,yes
murmur,active,murmur,yes,yes,,,,,,,,,,,,,,yes
muse,active,muse,,,,,yes,,yes,,,yes,,,,,,yes
mutter,active,mutter,yes,yes,,,,,,,,,,,,,,yes
mystify,passive,be mystified,,,,,yes,yes,,,,,,,,,yes,
narrate,active,narrate,yes,yes,,,,,,,,,,,,,,yes
negotiate,active,negotiate,yes,,,yes,,,,,,,,,,,,yes
nonplus,passive,be nonplussed,,,,,yes,yes,,,,,,,,,yes,
note,active,note,yes,,yes,,,,,,,,,,,,,yes
notice,active,notice,,,,,yes,,yes,yes,,,,,,,yes,
notify,passive,be notified,,,,,yes,,,,,,yes,,,,,yes
observe,active,observe,,,,,yes,,,,,,yes,,,,,yes
obsess,passive,be obsessed,,,,,yes,yes,,,,,,,,,yes,
offend,passive,be offended,,,,,yes,yes,,,,,,,,,yes,
okay,active,okay,yes,,yes,,,,,,,,,,,,,yes
omit,active,omit,,,,,,,,,,,,yes,,,,
ordain,active,ordain,yes,,yes,,,,,,,,,,,,,yes
outrage,passive,be outraged,,,,,yes,yes,,,,,,,,,yes,
overhear,active,overhear,,,,,yes,,,,,,yes,,,,,yes
overhear,passive,be overheard,,,,,,,,,,,,yes,yes,,,yes
overlook,active,overlook,,,,,yes,,yes,yes,,,,,,,yes,
overwhelm,passive,be overwhelmed,,,,,yes,yes,,,,,,,,,yes,
pain,passive,be pained,,,,,yes,yes,,,,,,,,,yes,
panic,active,panic,,,,,yes,yes,,,,,,,,,yes,
panic,passive,be panicked,,,,,yes,yes,,,,,,,,,yes,
perceive,active,perceive,,,,,yes,,yes,yes,,,yes,,,,yes,
perplex,passive,be perplexed,,,,,yes,yes,,,,,,,,,yes,
persuade,passive,be persuaded,,,,,yes,,,,,,yes,,,,,yes
pester,passive,be pestered,,,,,yes,,,,,,yes,,,,,yes
petrify,passive,be petrified,,,,,yes,yes,,,,,,,,,yes,
phone,active,phone,yes,yes,,,,,,,,,,,,,,yes
picture,active,picture,,,,,yes,,yes,,,yes,,,,,,yes
piece_together,active,piece together,,,,,yes,,yes,,yes,,,,,,,yes
pinpoint,active,pinpoint,yes,,,yes,yes,,yes,,yes,,,,,,,yes
pity,active,pity,,,,,yes,yes,,,,,,,,,yes,
please,passive,be pleased,,,,,yes,yes,,,,,,,,,yes,
point_out,active,point out,yes,,yes,,,,,,,,,,,,,yes
ponder,active,ponder,,,,,yes,,yes,,,yes,,,,,,yes
posit,active,posit,yes,,yes,,,,,,,,,,,,,yes
post,active,post,yes,yes,,,,,,,,,,,,,,yes
pout,active,pout,yes,yes,,,,,,,,,,,,,,yes
praise,active,praise,yes,,yes,,,,,,,,,,,,,yes
pray,active,pray,,,,,yes,,yes,,,yes,,,,,,yes
preach,active,preach,yes,,yes,,,,,,,,,,,,,yes
predict,active,predict,yes,,yes,,,,,,,,,,,,,yes
prejudge,active,prejudge,,,,,yes,,yes,,yes,,,,,,,yes
presume,active,presume,,,,,yes,,yes,yes,,,,,,,yes,
presuppose,active,presuppose,,,,,yes,,yes,yes,,,,,,,yes,
pretend,active,pretend,yes,,,yes,,,,,,,,,,,,yes
proclaim,active,proclaim,yes,,yes,,,,,,,,,,,,,yes
promise,active,promise,yes,,,yes,,,,,,,,,,,,yes
promise,passive,be promised,,,,,yes,,,,,,yes,,,,,yes
prophesy,active,prophesy,yes,yes,,,,,,,,,,,,,,yes
propose,active,propose,yes,,yes,,,,,,,,,,,,,yes
prove,active,prove,yes,,,yes,,,,,,,,,,,,yes
publicize,active,publicize,yes,yes,,,,,,,,,,,,,,yes
publish,active,publish,yes,yes,,,,,,,,,,,,,,yes
puzzle,passive,be puzzled,,,,,yes,yes,,,,,,,,,yes,
quarrel,active,quarrel,yes,,yes,,,,,,,,,,,,,yes
question,active,question,yes,,yes,,,,,,,,,,,,,yes
question,passive,be questioned,,,,,,,,,,,,yes,yes,,,yes
quip,active,quip,yes,yes,,,,,,,,,,,,,,yes
quote,passive,be quoted,,,,,yes,,,,,,yes,,,,,yes
radio,active,radio,yes,yes,,,,,,,,,,,,,,yes
radio,passive,be radioed,,,,,yes,,,,,,yes,,,,,yes
rant,active,rant,yes,yes,,,,,,,,,,,,,,yes
rationalize,active,rationalize,,,,,yes,,yes,,yes,,,,,,,yes
rave,active,rave,yes,yes,,,,,,,,,,,,,,yes
read,active,read,,,,,yes,,,,,,yes,,,,,yes
reaffirm,active,reaffirm,yes,,yes,,,,,,,,,,,,,yes
reaffirm,passive,be reaffirmed,,,,,,,,,,,,yes,yes,,,yes
realize,active,realize,,,,,yes,,yes,,yes,,,,,,,yes
reason,active,reason,,,,,yes,,yes,,yes,,,,,,,yes
reason_out,active,reason out,,,,,yes,,yes,,yes,,,,,,,yes
reassert,active,reassert,yes,,yes,,,,,,,,,,,,,yes
reassure,passive,be reassured,,,,,yes,,,,,,yes,,,,,yes
recall,active,recall,,,,,yes,,yes,yes,,,,,,,yes,
recap,active,recap,yes,,yes,,,,,,,,,,,,,yes
reckon,active,reckon,,,,,yes,,yes,yes,,,,,,,yes,
recognize,active,recognize,,,,,yes,,yes,yes,,,,,,,yes,
recollect,active,recollect,,,,,yes,,yes,yes,,,,,,,yes,
reconsider,active,reconsider,,,,,yes,,yes,,yes,,,,,,,yes
record,active,record,yes,yes,,,,,,,,,,,,,,yes
rediscover,active,rediscover,,,,,yes,,yes,,yes,,,,,,,yes
regret,active,regret,,,,,yes,yes,,,,,,,,,yes,
reiterate,active,reiterate,yes,,yes,,,,,,,,,,,,,yes
reject,active,reject,yes,,yes,,,,,,,,,,,,,yes
relate,active,relate,yes,,yes,,,,,,,,,,,,,yes
relieve,passive,be relieved,,,,,yes,yes,,,,,,,,,yes,
relish,active,relish,,,,,yes,yes,,,,,,,,,yes,
remark,active,remark,yes,yes,,,,,,,,,,,,,,yes
remember,active,remember,,,,,yes,,yes,yes,,,,,,,yes,
remind,passive,be reminded,,,,,yes,,,,,,yes,,,,,yes
reminisce,active,reminisce,yes,,,,,,,,,yes,,,,,,yes
repeat,active,repeat,yes,yes,,,,,,,,,,,,,,yes
reply,active,reply,yes,,yes,,,,,,,,,,,,,yes
report,active,report,yes,,yes,,,,,,,,,,,,,yes
repress,active,repress,,,,,yes,,yes,yes,,,,,,,yes,
request,active,request,yes,,yes,,,,,,,,,,,,,yes
require,active,require,,,,,yes,,yes,yes,,,,,,,yes,
research,active,research,,,,,yes,,yes,,yes,,,,,,,yes
resent,active,resent,,,,,yes,yes,,,,,,,,,yes,
resolve,active,resolve,,,,,yes,,yes,,yes,,,,,,,yes
respond,active,respond,yes,,yes,,,,,,,,,,,,,yes
restate,active,restate,yes,yes,,,,,,,,,,,,,,yes
retort,active,retort,yes,,yes,,,,,,,,,,,,,yes
retract,active,retract,yes,,yes,,,,,,,,,,,,,yes
reveal,active,reveal,yes,,yes,,,,,,,,,,,,,yes
revolt,passive,be revolted,,,,,yes,yes,,,,,,,,,yes,
rouse,passive,be roused,,,,,yes,yes,,,,,,,,,yes,
rule,active,rule,yes,,yes,,,,,,,,,,,,,yes
ruminate,active,ruminate,,,,,yes,,yes,,,yes,,,,,,yes
sadden,passive,be saddened,,,,,yes,yes,,,,,,,,,yes,
satisfy,passive,be satisfied,,,,,yes,yes,,,,,,,,,yes,
say,active,say,yes,yes,,,,,,,,,,,,,,yes
scare,passive,be scared,,,,,yes,yes,,,,,,,,,yes,
scoff,active,scoff,yes,yes,,,,,,,,,,,,,,yes
scream,active,scream,yes,yes,,,,,,,,,,,,,,yes
scribble,active,scribble,yes,yes,,,,,,,,,,,,,,yes
see,active,see,,,,,yes,,,,,,yes,,,,yes,
select,active,select,,,,,yes,,yes,,yes,,,,,,,yes
shame,passive,be shamed,,,,,,,,,,,,yes,,,,yes
share,active,share,yes,,yes,,,,,,,,,,,,,yes
shock,passive,be shocked,,,,,yes,yes,,,,,,,,,yes,
shout,active,shout,yes,yes,,,,,,,,,,,,,,yes
show,active,show,yes,,yes,,,,,,,,,,,,,yes
show,passive,be shown,,,,,yes,,,,,,yes,,,,,yes
showcase,active,showcase,yes,,,yes,,,,,,,,,,,,yes
shriek,active,shriek,yes,yes,,,,,,,,,,,,,,yes
sicken,passive,be sickened,,,,,yes,yes,,,,,,,,,yes,
sigh,active,sigh,yes,yes,,,,,,,,,,,,,,yes
signal,active,signal,yes,,yes,,,,,,,,,,,,,yes
signal,passive,be signalled,,,,,yes,,,,,,yes,,,,,yes
signify,active,signify,yes,,yes,,,,,,,,,,,,,yes
simulate,active,simulate,yes,,,yes,,,,,,,,,,,,yes
sing,active,sing,yes,yes,,,,,,,,,,,,,,yes
sketch,active,sketch,yes,yes,,,,,,,,,,,,,,yes
snap,active,snap,yes,yes,,,,,,,,,,,,,,yes
snitch,active,snitch,yes,,yes,,,,,,,,,,,,,yes
sob,active,sob,yes,yes,,,,,,,,,,,,,,yes
specify,active,specify,yes,,yes,,,,,,,,,,,,,yes
spellbind,passive,be spellbound,,,,,yes,yes,,,,,,,,,yes,
spook,passive,be spooked,,,,,yes,yes,,,,,,,,,yes,
spot,active,spot,,,,,yes,,,,,,yes,,,,,yes
spout,active,spout,yes,yes,,,,,,,,,,,,,,yes
squeal,active,squeal,yes,yes,,,,,,,,,,,,,,yes
stammer,active,stammer,yes,yes,,,,,,,,,,,,,,yes
startle,passive,be startled,,,,,yes,yes,,,,,,,,,yes,
state,active,state,yes,yes,,,,,,,,,,,,,,yes
stimulate,passive,be stimulated,,,,,yes,yes,,,,,,,,,yes,
stipulate,active,stipulate,yes,,yes,,,,,,,,,,,,,yes
stress,active,stress,yes,,yes,,,,,,,,,,,,,yes
stress,passive,be stressed,,,,,yes,yes,,,,,,,,,yes,
stun,passive,be stunned,,,,,yes,yes,,,,,,,,,yes,
stupefy,passive,be stupefied,,,,,yes,yes,,,,,,,,,yes,
stutter,active,stutter,yes,yes,,,,,,,,,,,,,,yes
submit,active,submit,yes,,yes,,,,,,,,,,,,,yes
suggest,active,suggest,yes,,yes,,,,,,,,,,,,,yes
summarize,active,summarize,yes,,yes,,,,,,,,,,,,,yes
suppose,active,suppose,,,,,yes,,yes,yes,,,,,,,yes,
surmise,active,surmise,,,,,yes,,yes,yes,,,,,,,yes,
surprise,passive,be surprised,,,,,yes,yes,,,,,,,,,yes,
suspect,active,suspect,,,,,yes,,yes,yes,,,,,,,yes,
swear,active,swear,yes,,,yes,,,,,,,,,,,,yes
tantalize,passive,be tantalized,,,,,yes,yes,,,,,,,,,yes,
tease,active,tease,yes,,yes,,,,,,,,,,,,,yes
tell,passive,be told,,,,,yes,,,,,,yes,,,,,yes
terrify,passive,be terrified,,,,,yes,yes,,,,,,,,,yes,
test,active,test,yes,,,yes,,,,,,,,,,,,yes
testify,active,testify,yes,,yes,,,,,,,,,,,,,yes
theorize,active,theorize,yes,,,yes,yes,,yes,,yes,,,,,,,yes
think,active,think,,,,,yes,,yes,yes,,,,,,,yes,
thrill,passive,be thrilled,,,,,yes,yes,,,,,,,,,yes,
torture,passive,be tortured,,,,,yes,yes,,,,,,,,,yes,
traumatize,passive,be traumatized,,,,,yes,yes,,,,,,,,,yes,
trick,passive,be tricked,,,,,yes,,,,,,yes,,,,,yes
trouble,passive,be troubled,,,,,yes,yes,,,,,,,,,yes,
trust,active,trust,,,,,yes,,yes,yes,,,,,,,yes,
tweet,active,tweet,yes,yes,,,,,,,,,,,,,,yes
tweet,passive,be tweeted,,,,,yes,,,,,,yes,,,,yes,
type,active,type,yes,yes,,,,,,,,,,,,,,yes
uncover,active,uncover,,,,,yes,,yes,,yes,,,,,,,yes
underestimate,active,underestimate,,,,,yes,,yes,yes,,,,,,,yes,
underline,active,underline,yes,,yes,,,,,,,,,,,,,yes
underscore,active,underscore,yes,,yes,,,,,,,,,,,,,yes
understand,active,understand,,,,,yes,,yes,yes,,,,,,,yes,
unnerve,passive,be unnerved,,,,,yes,yes,,,,,,,,,yes,
unsettle,passive,be unsettled,,,,,yes,yes,,,,,,,,,yes,
update,active,update,yes,,yes,,,,,,,,,,,,,yes
update,passive,be updated,,,,,yes,,,,,,yes,,,,,yes
uphold,active,uphold,yes,,yes,,,,,,,,,,,,,yes
upset,passive,be upset,,,,,yes,yes,,,,,,,,,yes,
utter,active,utter,yes,yes,,,,,,,,,,,,,,yes
verify,active,verify,yes,,yes,,,,,,,,,,,,,yes
vex,passive,be vexed,,,,,yes,yes,,,,,,,,,yes,
videotape,active,videotape,,,,,yes,,,,,,yes,,,,,yes
visualize,active,visualize,yes,yes,,,yes,,yes,,,yes,,,,yes,,yes
voice,active,voice,yes,yes,,,,,,,,,,,,,,yes
volunteer,active,volunteer,yes,,yes,,,,,,,,,,,,,yes
vote,active,vote,yes,,yes,,,,,,,,,,,,,yes
vow,active,vow,yes,,,yes,,,,,,,,,,,,yes
wager,active,wager,yes,,yes,,,,,,,,,,,,,yes
warn,active,warn,yes,,,yes,,,,,,,,,,,,yes
warn,passive,be warned,,,,,yes,,,,,,yes,,,,,yes
warrant,active,warrant,yes,,,yes,,,,,,,,,,,,yes
weep,active,weep,yes,yes,,,,,,,,,,,,,,yes
whimper,active,whimper,yes,yes,,,,,,,,,,,,,,yes
whine,active,whine,yes,yes,,,,,,,,,,,,,,yes
whisper,active,whisper,yes,yes,,,,,,,,,,,,,,yes
will,active,will,yes,yes,,,,,,,,,,,,,,yes
wish,active,wish,,,,,yes,,yes,yes,,,,,,,yes,
witness,active,witness,,,,,yes,,,,,,yes,,,,,yes
worry,active,worry,,,,,yes,yes,yes,yes,,,,,,,yes,
worry,passive,be worried,,,,,yes,yes,yes,yes,,,,,,,yes,
wow,passive,be wowed,,,,,yes,yes,,,,,,,,,yes,
write,active,write,yes,yes,,,,,,,,,,,,,,yes
yell,active,yell,yes,yes,,,,,,,,,,,,,,yes
