verb,voice,verb renamed,communicative,private,emotive,cognitive,stative cognitive,eventive cognitive with conclusion,eventive cognitive without conclusion,evidential ,negative,"state 
changing","discourse 
participation","unclear
classification","unclear
usage"
accept,active,accept,yes,yes,,yes,yes,,,,,,,,
acknowledge,active,acknowledge,yes,,,,,,,,,,,,
add,active,add,yes,,,,,,,,,,yes,,
address,active,address,yes,,,,,,,,,,,,
admit,active,admit,yes,,,,,,,,,,,,
advertise,active,advertise,yes,,,,,,,,,yes,,,
advise,active,advise,yes,,,,,,,,,yes,,,
advise,passive,be advised,,yes,,,,,,yes,,,,,
affirm,active,affirm,yes,,,,,,,,,,,,
aggravate,passive,be aggravated,,yes,yes,,,,,,,,,,
agitate,passive,be agitated,,yes,yes,,,,,,,,,,
agonize,active,agonize,,yes,yes,,,,,,,,,,
agonize,passive,be agonized,,yes,yes,,,,,,,,,,
agree,active,agree,yes,yes,,yes,yes,,,,,,,,
alarm,passive,be alarmed,,yes,yes,,,,,,,,,,
alert,passive,be alerted,,yes,,,,,,yes,,,,,
allege,active,allege,yes,,,,,,,,,,,,
amaze,passive,be amazed,,yes,yes,,,,,,,,,,
amuse,passive,be amused,,yes,yes,,,,,,,,,,
anger,passive,be angered,,yes,yes,,,,,,,,,,
anguish,passive,be anguished,,yes,yes,,,,,,,,,,
announce,active,announce,yes,,,,,,,,,,,,
annoy,passive,be annoyed,,yes,yes,,,,,,,,,,
answer,active,answer,yes,,,,,,,,,,,,
anticipate,active,anticipate,,yes,,yes,yes,,,,,,,,
apologize,active,apologize,yes,,,,,,,,,,,,
appall,passive,be appalled,,yes,yes,,,,,,,,,,
appreciate,active,appreciate,,yes,yes,,,,,,,,,,
approve,active,approve,yes,,,,,,,,,,,,
argue,active,argue,yes,,,,,,,,,,,,
arouse,passive,be aroused,,yes,yes,,,,,,,,,,
articulate,active,articulate,yes,,,,,,,,,,,,
ascertain,active,ascertain,,yes,,yes,,yes,,,,,,,
assert,active,assert,yes,,,,,,,,,,,,
assess,active,assess,,yes,,yes,,yes,,,,,,,
assume,active,assume,,yes,,yes,yes,,,,,,,,
assure,passive,be assured,,yes,,,,,,yes,,,,,
astonish,passive,be astonished,,yes,yes,,,,,,,,,,
astound,passive,be astounded,,yes,yes,,,,,,,,,,
attest,active,attest,yes,,,,,,,,,,,,
authorize,active,authorize,yes,,,,,,,,,,,,
babble,active,babble,yes,,,,,,,,,,,,
baffle,passive,be baffled,,yes,yes,,,,,,,,,,
bark,active,bark,yes,,,,,,,,,,,,
beam,active,beam,yes,,,,,,,,,,,,
befuddle,passive,be befuddled,,yes,yes,,,,,,,,,,
believe,active,believe,,yes,,yes,yes,,,,,,,,
bellow,active,bellow,yes,,,,,,,,,,,,
bet,active,bet,yes,,,,,,,,,,,,
bet,passive,be bet,,,,,,,,,,,,yes,
bicker,active,bicker,yes,,,,,,,,,,,,
bitch,active,bitch,yes,,,,,,,,,,,,
blame,passive,be blamed,,,,,,,,,,,,yes,
bless,passive,be blessed,,,,,,,,,,,,yes,
blog,active,blog,yes,,,,,,,,,,,,
boast,active,boast,yes,,,,,,,,,,,,
boggle,passive,be boggled,,yes,yes,,,,,,,,,,
bother,passive,be bothered,,yes,yes,,,,,,,,,,
brag,active,brag,yes,,,,,,,,,,,,
broadcast,active,broadcast,yes,,,,,,,,,,,,
bug,passive,be bugged,,yes,yes,,,,,,,,,,
cackle,active,cackle,yes,,,,,,,,,,,,
calculate,active,calculate,,yes,,yes,,yes,,,,,,,
care,active,care,,yes,yes,,,,,,,,,,
categorize,active,categorize,,,,,,,,,,,,yes,yes
celebrate,active,celebrate,,yes,yes,,,,,,,,,,
certify,active,certify,yes,,,,,,,,,,,,
challenge,active,challenge,yes,,,,,,,,,,yes,,
challenge,passive,be challenged,,,,,,,,,,,,yes,
chant,active,chant,yes,,,,,,,,,,,,
charge,active,charge,yes,,,,,,,,,,,,
charm,passive,be charmed,,yes,yes,,,,,,,,,,
chastise,passive,be chastised,,,,,,,,,,,,yes,
chatter,active,chatter,yes,,,,,,,,,,,,
check,active,check,,yes,,yes,,yes,,,,,,,
cheer,active,cheer,yes,,,,,,,,,,,,
cheer,passive,be cheered,,yes,yes,,,,,,,,,,
chronicle,active,chronicle,yes,,,,,,,,,,,,
circulate,active,circulate,yes,,,,,,,,,,,,
claim,active,claim,yes,,,,,,,,,,,,
clarify,active,clarify,yes,,,,,,,,,,yes,,
come_out,active,come out,yes,,,,,,,,,,,,
comfort,passive,be comforted,,yes,yes,,,,,,,,,,
comment,active,comment,yes,,,,,,,,,,yes,,
communicate,active,communicate,yes,,,,,,,,,,,,
complain,active,complain,yes,,,,,,,,,,,,
comprehend,active,comprehend,,yes,,yes,yes,,,,,,,,
compute,active,compute,,yes,,yes,,yes,,,,,,,
conceal,active,conceal,,,,,,,,,,,,yes,
concede,active,concede,yes,,,,,,,,,,yes,,
conceive,active,conceive,,yes,,yes,yes,,,,,,,,
concern,passive,be concerned,,yes,yes,,,,,,,,,,
conclude,active,conclude,,yes,,yes,,yes,,,,,,,
confess,active,confess,yes,,,,,,,,,,,,
confide,active,confide,yes,,,,,,,,,,,,
confirm,active,confirm,yes,,,,,,,,,,yes,,
congratulate,passive,be congratulated,,,,,,,,,,,,yes,
conjecture,active,conjecture,,yes,,yes,yes,,,,,,,,
consent,active,consent,yes,,,,,,,,,,,,
console,passive,be consoled,,yes,yes,,,,,,,,,,
consult,passive,be consulted,,,,,,,,,,,,yes,yes
contact,passive,be contacted,,,,,,,,,,,,yes,yes
contemplate,active,contemplate,,yes,,yes,,,yes,,,,,,
contend,active,contend,yes,,,,,,,,,,yes,,
content,passive,be content,,yes,yes,,,,,,,,,,
contest,active,contest,yes,,,,,,,,,,yes,,
convey,active,convey,yes,,,,,,,,,,,,
convince,passive,be convinced,,yes,,,,,,yes,,,,,
corroborate,active,corroborate,yes,,,,,,,,,,yes,,
cringe,active,cringe,,yes,yes,,,,,,,,,,
crush,passive,be crushed,,yes,yes,,,,,,,,,,
cry,active,cry,yes,,,,,,,,,,,,
curse,active,curse,yes,,,,,,,,,,,,
daydream,active,daydream,,yes,,yes,,,yes,,,,,,
daze,passive,be dazed,,yes,yes,,,,,,,,,,
debate,active,debate,yes,,,,,,,,,,yes,,
deceive,passive,be deceived,,yes,,,,,,?,,,,,
decide,active,decide,,yes,,yes,,yes,,,,,,,
declare,active,declare,yes,,,,,,,,,,,,
decree,active,decree,yes,,,,,,,,,,,,
deduce,active,deduce,,yes,,yes,,yes,,,,,,,
delight,passive,be delighted,,yes,yes,,,,,,,,,,
delude,passive,be deluded,,,,,,,,,,,,yes,
demand,active,demand,yes,,,,,,,,,,,,
demonstrate,active,demonstrate,yes,,,,,,,,,yes,,,
demoralize,passive,be demoralized,,yes,yes,,,,,,,,,,
denounce,active,denounce,yes,,,,,,,,,,,,
deny,active,deny,yes,,,,,,,,,,yes,,
depict,active,depict,yes,,,,,,,,,,,,
deplore,passive,be deplored,,,,,,,,,,,,yes,yes
depress,passive,be depressed,,yes,yes,,,,,,,,,,
derive,active,derive,,yes,,yes,,yes,,,,,,,
describe,active,describe,yes,,,,,,,,,,,,
desire,active,desire,,yes,,yes,yes,,,,,,,,
despair,active,despair,,yes,yes,,,,,,,,,,
despise,active,despise,,yes,yes,,,,,,,,,,
detail,active,detail,yes,,,,,,,,,,,,
detect,active,detect,,yes,,yes,,yes,,,,,,,
determine,active,determine,,yes,,yes,,yes,,,,,,,
detest,active,detest,,yes,yes,,,,,,,,,,
devastate,passive,be devastated,,yes,yes,,,,,,,,,,
diagnose,active,diagnose,,yes,,yes,,yes,,,,,,,
dictate,active,dictate,yes,,,,,,,,,,,,
disagree,active,disagree,yes,yes,,yes,yes,,,,,,,,
disappoint,passive,be disappointed,,yes,yes,,,,,,,,,,
disapprove,active,disapprove,,yes,yes,,,,,,,,,,
disbelieve,active,disbelieve,,yes,,yes,yes,,,,,,,,
disclose,active,disclose,yes,,,,,,,,,,,,
discover,active,discover,,yes,,yes,,yes,,,,,,,
discuss,active,discuss,yes,,,,,,,,,,yes,,
disgrace,passive,be disgraced,,yes,yes,,,,,,,,,,
disgruntle,passive,be disgruntled,,yes,yes,,,,,,,,,,
disgust,passive,be disgusted,,yes,yes,,,,,,,,,,
dishearten,passive,be disheartened,,yes,yes,,,,,,,,,,
disillusion,passive,be disillusioned,,yes,yes,,,,,,,,,,
dislike,active,dislike,,yes,yes,,,,,,,,,,
dismay,passive,be dismayed,,yes,yes,,,,,,,,,,
dismiss,active,dismiss,yes,,,,,,,,,,yes,,
dispel,active,dispel,yes,,,,,,,,,,yes,,
display,active,display,yes,,,,,,,,,,,,
dispute,active,dispute,yes,,,,,,,,,,yes,,
disregard,active,disregard,,,,,,,,,,,,yes,
dissatisfy,passive,be dissatisfied,,yes,yes,,,,,,,,,,
distress,passive,be distressed,,yes,yes,,,,,,,,,,
disturb,passive,be disturbed,,yes,yes,,,,,,,,,,
divulge,active,divulge,yes,,,,,,,,,,,,
document,active,document,yes,,,,,,,,,,,,
doubt,active,doubt,,yes,,yes,yes,,,,,,,,
dread,active,dread,,yes,yes,,,,,,,,,,
dream,active,dream,,yes,,yes,,,yes,,,,,,
dupe,passive,be duped,,yes,,,,,,yes,,,,,
educate,passive,be educated,,yes,,,,,,yes,,,,,
elaborate,active,elaborate,yes,,,,,,,,,,,,
elate,passive,be elated,,yes,yes,,,,,,,,,,
elect,active,elect,,yes,,yes,,?,,,,,,,
email,active,email,yes,,,,,,,,,,,,
email,passive,be emailed,,yes,,,,,,yes,,,,,
embarrass,passive,be embarrassed,,yes,yes,,,,,,,,,,
embellish,active,embellish,yes,,,,,,,,,,,,
embitter,passive,be embittered,,yes,yes,,,,,,,,,,
emphasize,active,emphasize,yes,,,,,,,,,,,,
encourage,passive,be encouraged,,yes,?,,,,,,,,,,
endorse,active,endorse,yes,,,,,,,,,,yes,,
enjoy,active,enjoy,,yes,yes,,,,,,,,,,
enrage,passive,be enraged,,yes,yes,,,,,,,,,,
ensure,active,ensure,,,,,,,,,,,,yes,
enthrall,passive,be enthralled,,yes,yes,,,,,,,,,,
enthuse,passive,be enthused,,yes,yes,,,,,,,,,,
envision,active,envision,,yes,,yes,yes,,,,,,,,
envy,active,envy,,yes,yes,,,,,,,,,,
establish,active,establish,yes,,,,,,,,,,yes,,
estimate,active,estimate,,yes,,yes,,yes,,,,,,,
evaluate,active,evaluate,,yes,,yes,,yes,,,,,,,
exasperate,passive,be exasperated,,yes,yes,,,,,,,,,,
excite,passive,be excited,,yes,yes,,,,,,,,,,
exclaim,active,exclaim,yes,,,,,,,,,,,,
exhibit,active,exhibit,yes,,,,,,,,,,,,
exhilarate,passive,be exhilarated,,yes,yes,,,,,,,,,,
expect,active,expect,,yes,,yes,yes,,,,,,,,
explain,active,explain,yes,,,,,,,,,,,,
expose,active,expose,,yes,,yes,,yes,,,,,,,
express,active,express,yes,,,,,,,,,,,,
fabricate,active,fabricate,yes,,,,,,,,yes,,,,
fake,active,fake,yes,,,,,,,,yes,yes,,,
fantasize,active,fantasize,,yes,,yes,,,yes,,,,,,
fascinate,passive,be fascinated,,yes,yes,,,,,,,,,,
fax,active,fax,yes,,,,,,,,,,,,
fax,passive,be faxed,,yes,,,,,,yes,,,,,
fear,active,fear,,yes,yes,yes,yes,,,,,,,,
feel,active,feel,,yes,,yes,yes,,,,,,,,
feign,active,feign,yes,,,,,,,,yes,,,,
fess_up,active,fess up,yes,,,,,,,,,,,,
figure,active,figure,,yes,,yes,yes,,,,,,,,
figure_out,active,figure out,,yes,,yes,,yes,,,,,,,
find,active,find,,yes,,yes,yes,,,,,,,,
find_out,active,find out,,yes,,yes,,yes,,,,,,,
flatter,passive,be flattered,,yes,yes,,,,,,,,,,
flaunt,active,flaunt,yes,,,,,,,,,,,,
flip_out,active,flip out,yes,,,,,,,,,,,,
flip_out,passive,be flipped out,,yes,yes,,,,,,,,,,
floor,passive,be floored,,yes,yes,,,,,,,,,,
fluster,passive,be flustered,,yes,yes,,,,,,,,,,
fool,passive,be fooled,,yes,,,,,,yes,,,,,
forecast,active,forecast,yes,,,,,,,,,,,,
foresee,active,foresee,,yes,,yes,,yes,,,,,,,
foretell,active,foretell,yes,,,,,,,,,,,,
foretell,passive,be foretold,,yes,,,,,,yes,,,,,
forget,active,forget,,yes,,yes,,?,,,,,,,
forgive,active,forgive,,yes,,yes,?,,,,,,,,
forgive,passive,be forgiven,,,,,,,,,,,,yes,
freak_out,active,freak out,yes,,,,,,,,,,,,
freak_out,passive,be freaked out,,yes,yes,,,,,,,,,,
fret,active,fret,,yes,yes,,,,,,,,,,
frighten,passive,be frightened,,yes,yes,,,,,,,,,,
frustrate,passive,be frustrated,,yes,yes,,,,,,,,,,
fuss,active,fuss,yes,,,,,,,,,,,,
gab,active,gab,yes,,,,,,,,,,,,
gall,passive,be galled,,yes,yes,,,,,,,,,,
gasp,active,gasp,yes,,,,,,,,,,,,
gather,active,gather,,yes,,yes,,yes,,,,,,,
gauge,active,gauge,,yes,,yes,,yes,,,,,,,
generalize,active,generalize,,yes,,yes,,yes,,,,,,,
giggle,active,giggle,yes,,,,,,,,,,,,
gladden,passive,be gladdened,,yes,yes,,,,,,,,,,
gloat,active,gloat,yes,,,,,,,,,,,,
gossip,active,gossip,yes,,,,,,,,,,,,
gratify,passive,be gratified,,yes,yes,,,,,,,,,,
grieve,active,grieve,,yes,yes,,,,,,,,,,
grieve,passive,be grieved,,yes,yes,,,,,,,,,,
grimace,active,grimace,yes,,,,,,,,,,,,
grin,active,grin,yes,,,,,,,,,,,,
groan,active,groan,yes,,,,,,,,,,,,
growl,active,growl,yes,,,,,,,,,,,,
grumble,active,grumble,yes,,,,,,,,,,,,
grunt,active,grunt,yes,,,,,,,,,,,,
guarantee,active,guarantee,yes,,,,,,,,,yes,,,
guarantee,passive,be guaranteed,,yes,,,,,,yes,,,,,
guess,active,guess,,yes,,yes,,yes,,,,,,,
gush,active,gush,yes,,,,,,,,,,,,
hallucinate,active,hallucinate,,yes,,yes,,,yes,,,,,,
hate,active,hate,,yes,yes,,,,,,,,,,
hear,active,hear,,yes,,,,,,yes,,,,,
hearten,passive,be heartened,,yes,yes,,,,,,,,,,
hint,active,hint,yes,,,,,,,,,yes,,,
holler,active,holler,yes,,,,,,,,,,,,
hoot,active,hoot,yes,,,,,,,,,,,,
hope,active,hope,,yes,,yes,yes,,,,,,,,
horrify,passive,be horrified,,yes,yes,,,,,,,,,,
howl,active,howl,yes,,,,,,,,,,,,
humble,passive,be humbled,,yes,yes,,,,,,,,,,
hurt,passive,be hurt,,yes,yes,,,,,,,,,,
hush_up,active,hush up,,,,,,,,,,,,yes,
identify,active,identify,,yes,,yes,,yes,,,,,,,
ignore,active,ignore,,yes,,,,,,,,,,,
imagine,active,imagine,,yes,,yes,,,yes,,,,,,
implore,active,implore,yes,,,,,,,,,yes,,,
imply,active,imply,yes,,,,,,,,,yes,,,
impress,passive,be impressed,,yes,yes,,,,,,,,,,
incense,passive,be incensed,,yes,yes,,,,,,,,,,
indicate,active,indicate,yes,,,,,,,,,yes,,,
indict,active,indict,yes,,,,,,,,,,,,yes
infer,active,infer,,yes,,yes,,yes,,,,,,,
inform,passive,be informed,,yes,,,,,,yes,,,,,
infuriate,passive,be infuriated,,yes,yes,,,,,,,,,,
insinuate,active,insinuate,yes,,,,,,,,,yes,,,
insist,active,insist,yes,,,,,,,,,yes,,,
instruct,passive,be instructed,,yes,,,,,,yes,,,,,
insult,passive,be insulted,,yes,yes,,,,,,,,,,
intercept,active,intercept,,yes,,,,,,yes,,,,,
interest,passive,be interested,,yes,yes,,,,,,,,,,
intimidate,passive,be intimidated,,yes,yes,,,,,,,,,,
intrigue,passive,be intrigued,,yes,yes,,,,,,,,,,
investigate,active,investigate,,yes,,yes,,yes,,,,,,,
invigorate,passive,be invigorated,,yes,yes,,,,,,,,,,
irk,passive,be irked,,yes,yes,,,,,,,,,,
irritate,passive,be irritated,,yes,yes,,,,,,,,,,
jade,passive,be jaded,,yes,,,,,,,,,,,yes
jar,passive,be jarred,,yes,yes,,,,,,,,,,
jest,active,jest,yes,,,,,,,,?,,,,
joke,active,joke,yes,,,,,,,,?,,,,
judge,active,judge,,yes,,yes,,yes,,,,,,,
know,active,know,,yes,,yes,yes,,,,,,,,
leak,active,leak,yes,,,,,,,,,,,,
learn,active,learn,,yes,,yes,,yes,,,,,,,
lecture,active,lecture,yes,,,,,,,,,,,,
lie,active,lie,yes,,,,,,,,yes,,,,
like,active,like,,yes,yes,,,,,,,,,,
listen,active,listen,,,,,,,,,,,,yes,yes
loathe,active,loathe,,yes,yes,,,,,,,,,,
log,active,log,yes,,,,,,,,,,,,
love,active,love,,yes,yes,,,,,,,,,,
madden,passive,be maddened,,yes,yes,,,,,,,,,,
maintain,active,maintain,yes,,,,,,,,,,yes,,
manufacture,active,manufacture,yes,,,,,,,,yes,,,,
mark,active,mark,yes,,,,,,,,,,,,
marvel,active,marvel,,yes,yes,,,,,,,,,,
marvel,passive,be marvelled,,yes,yes,,,,,,,,,,
measure,active,measure,,yes,,yes,,yes,,,,,,,
mention,active,mention,yes,,,,,,,,,,,,
miff,passive,be miffed,,yes,yes,,,,,,,,,,
misinform,passive,be misinformed,,yes,,,,,,yes,,,,,
mislead,passive,be misled,,yes,,,,,,yes,,,,,
miss,active,miss,,yes,,yes,,?,,,,,,,
moan,active,moan,yes,,,,,,,,,,,,
mortify,passive,be mortified,,yes,yes,,,,,,,,,,
mourn,active,mourn,,yes,yes,,,,,,,,,,
move,passive,be moved,,yes,yes,,,,,,,,,,
mumble,active,mumble,yes,,,,,,,,,,,,
murmur,active,murmur,yes,,,,,,,,,,,,
muse,active,muse,,yes,,yes,,,yes,,,,,,
mutter,active,mutter,yes,,,,,,,,,,,,
mystify,passive,be mystified,,yes,yes,,,,,,,,,,
narrate,active,narrate,yes,,,,,,,,,,,,
negotiate,active,negotiate,yes,,,,,,,,,yes,,,
nonplus,passive,be nonplussed,,yes,yes,,,,,,,,,,
note,active,note,yes,,,,,,,,,,,,
notice,active,notice,,yes,,yes,,yes,,,,,,,
notify,passive,be notified,,yes,,,,,,yes,,,,,
observe,active,observe,,yes,,,,,,yes,,,,,
obsess,passive,be obsessed,,yes,yes,,,,,,,,,,
offend,passive,be offended,,yes,yes,,,,,,,,,,
okay,active,okay,yes,,,,,,,,,,,,
omit,active,omit,,,,,,,,,,,,yes,
ordain,active,ordain,yes,,,,,,,,,,,,
outrage,passive,be outraged,,yes,yes,,,,,,,,,,
overhear,active,overhear,,yes,,,,,,yes,,,,,
overhear,passive,be overheard,,,,,,,,,,,,yes,
overlook,active,overlook,,,,,,,,,,,,yes,
overwhelm,passive,be overwhelmed,,yes,yes,,,,,,,,,,
pain,passive,be pained,,yes,yes,,,,,,,,,,
panic,active,panic,,yes,yes,,,,,,,,,,
panic,passive,be panicked,,yes,yes,,,,,,,,,,
perceive,active,perceive,,yes,,yes,,yes,,,,,,,
perplex,passive,be perplexed,,yes,yes,,,,,,,,,,
persuade,passive,be persuaded,,yes,,,,,,yes,,,,,
pester,passive,be pestered,,,,,,,,,,,,yes,
petrify,passive,be petrified,,yes,yes,,,,,,,,,,
phone,active,phone,yes,,,,,,,,,,,,
picture,active,picture,,yes,,yes,,,yes,,,,,,
piece_together,active,piece together,,yes,,yes,,yes,,,,,,,
pinpoint,active,pinpoint,,yes,,yes,,yes,,,,,,,
pity,active,pity,,yes,yes,,,,,,,,,,
please,passive,be pleased,,yes,yes,,,,,,,,,,
point_out,active,point out,yes,,,,,,,,,,,,
ponder,active,ponder,,yes,,yes,,,yes,,,,,,
posit,active,posit,yes,,,,,,,,,,yes,,
post,active,post,yes,,,,,,,,,,,,
pout,active,pout,yes,,,,,,,,,,,,
praise,active,praise,yes,,,,,,,,,,,,
pray,active,pray,,yes,,yes,,,yes,,,,,,
preach,active,preach,yes,,,,,,,,,,,,
predict,active,predict,yes,,,,,,,,,,,,
prejudge,active,prejudge,,yes,,yes,,yes,,,,,,,
presume,active,presume,,yes,,yes,yes,,,,,,,,
presuppose,active,presuppose,,yes,,yes,yes,,,,,,,,
pretend,active,pretend,yes,,,,,,,,yes,yes,,,
proclaim,active,proclaim,yes,,,,,,,,,,,,
promise,active,promise,yes,,,,,,,,,yes,,,
promise,passive,be promised,,yes,,,,,,yes,,,,,
prophesy,active,prophesy,yes,,,,,,,,,,,,
propose,active,propose,yes,,,,,,,,,,yes,,
prove,active,prove,,yes,,yes,,yes,,,,yes,,,
publicize,active,publicize,yes,,,,,,,,,,,,
publish,active,publish,yes,,,,,,,,,,,,
puzzle,passive,be puzzled,,yes,yes,,,,,,,,,,
quarrel,active,quarrel,yes,,,,,,,,,,yes,,
question,active,question,yes,,,,,,,,,,yes,,
question,passive,be questioned,,,,,,,,,,,,yes,yes
quip,active,quip,yes,,,,,,,,?,,,,
quote,passive,be quoted,?,,,,,,,,,,,,
radio,active,radio,yes,,,,,,,,,,,,
radio,passive,be radioed,,yes,,,,,,yes,,,,,
rant,active,rant,yes,,,,,,,,,,,,
rationalize,active,rationalize,,yes,,yes,,yes,,,,,,,
rave,active,rave,yes,,,,,,,,,,,,
read,active,read,,yes,,,,,,yes,,,,,
reaffirm,active,reaffirm,yes,,,,,,,,,,yes,,
reaffirm,passive,be reaffirmed,,,,,,,,,,,,yes,yes
realize,active,realize,,yes,,yes,,yes,,,,,,,
reason,active,reason,,yes,,yes,,yes,,,,,,,
reason_out,active,reason out,,yes,,yes,,yes,,,,,,,
reassert,active,reassert,yes,,,,,,,,,,yes,,
reassure,passive,be reassured,,yes,,,,,,yes,,,,,
recall,active,recall,,yes,,yes,,yes,,,,,,,
recap,active,recap,yes,,,,,,,,,,,,
reckon,active,reckon,,yes,,yes,yes,,,,,,,,
recognize,active,recognize,,yes,,yes,,yes,,,,,,,
recollect,active,recollect,,yes,,yes,,yes,,,,,,,
reconsider,active,reconsider,,yes,,yes,,yes,,,,,,,
record,active,record,yes,,,,,,,,,,,,
rediscover,active,rediscover,,yes,,yes,,yes,,,,,,,
regret,active,regret,,yes,yes,,,,,,,,,,
reiterate,active,reiterate,yes,,,,,,,,,,,,
reject,active,reject,yes,,,,,,,,,,yes,,
relate,active,relate,yes,,,,,,,,,,,,
relieve,passive,be relieved,,yes,yes,,,,,,,,,,
relish,active,relish,,yes,yes,,,,,,,,,,
remark,active,remark,yes,,,,,,,,,,,,
remember,active,remember,,yes,,yes,,yes,,,,,,,
remind,passive,be reminded,,yes,,,,,,yes,,,,,
reminisce,active,reminisce,,yes,,yes,,,yes,,,,,,
repeat,active,repeat,yes,,,,,,,,,,,,
reply,active,reply,yes,,,,,,,,,,yes,,
report,active,report,yes,,,,,,,,,,,,
repress,active,repress,,yes,,,,,,,,,,,
request,active,request,yes,,,,,,,,,,,,
require,active,require,,yes,,yes,yes,,,,,,,,
research,active,research,,yes,,yes,,yes,,,,,,,
resent,active,resent,,yes,yes,,,,,,,,,,
resolve,active,resolve,,yes,,yes,,yes,,,,,,,
respond,active,respond,yes,,,,,,,,,,yes,,
restate,active,restate,yes,,,,,,,,,,,,
retort,active,retort,yes,,,,,,,,,,yes,,
retract,active,retract,yes,,,,,,,,,,,,
reveal,active,reveal,yes,,,,,,,,,,,,
revolt,passive,be revolted,,yes,yes,,,,,,,,,,
rouse,passive,be roused,,yes,yes,,,,,,,,,,
rule,active,rule,yes,,,,,,,,,,,,
ruminate,active,ruminate,,yes,,yes,,,yes,,,,,,
sadden,passive,be saddened,,yes,yes,,,,,,,,,,
satisfy,passive,be satisfied,,yes,yes,,,,,,,,,,
say,active,say,yes,,,,,,,,,,,,
scare,passive,be scared,,yes,yes,,,,,,,,,,
scoff,active,scoff,yes,,,,,,,,,,,,
scream,active,scream,yes,,,,,,,,,,,,
scribble,active,scribble,yes,,,,,,,,,,,,
see,active,see,,yes,,,,,,yes,,,,,
select,active,select,,yes,,yes,,yes,,,,,,,
shame,passive,be shamed,,,,,,,,,,,,yes,
share,active,share,yes,,,,,,,,,,,,
shock,passive,be shocked,,yes,yes,,,,,,,,,,
shout,active,shout,yes,,,,,,,,,,,,
show,active,show,yes,,,,,,,,,,,,
show,passive,be shown,,yes,,,,,,yes,,,,,
showcase,active,showcase,yes,,,,,,,,,yes,,,
shriek,active,shriek,yes,,,,,,,,,,,,
sicken,passive,be sickened,,yes,yes,,,,,,,,,,
sigh,active,sigh,yes,,,,,,,,,,,,
signal,active,signal,yes,,,,,,,,,,,,
signal,passive,be signalled,,yes,,,,,,yes,,,,,
signify,active,signify,yes,,,,,,,,,yes,,,
simulate,active,simulate,yes,,,,,,,,yes,yes,,,
sing,active,sing,yes,,,,,,,,,,,,
sketch,active,sketch,yes,,,,,,,,,,,,
snap,active,snap,yes,,,,,,,,,,,,
snitch,active,snitch,yes,,,,,,,,,,,,
sob,active,sob,yes,,,,,,,,,,,,
specify,active,specify,yes,,,,,,,,,,yes,,
spellbind,passive,be spellbound,,yes,yes,,,,,,,,,,
spook,passive,be spooked,,yes,yes,,,,,,,,,,
spot,active,spot,,yes,,,,,,yes,,,,,
spout,active,spout,yes,,,,,,,,,,,,
squeal,active,squeal,yes,,,,,,,,,,,,
stammer,active,stammer,yes,,,,,,,,,,,,
startle,passive,be startled,,yes,yes,,,,,,,,,,
state,active,state,yes,,,,,,,,,,,,
stimulate,passive,be stimulated,,yes,yes,,,,,,,,,,
stipulate,active,stipulate,yes,,,,,,,,,,,,
stress,active,stress,yes,,,,,,,,,,,,
stress,passive,be stressed,,yes,yes,,,,,,,,,,
stun,passive,be stunned,,yes,yes,,,,,,,,,,
stupefy,passive,be stupefied,,yes,yes,,,,,,,,,,
stutter,active,stutter,yes,,,,,,,,,,,,
submit,active,submit,yes,,,,,,,,,,yes,,
suggest,active,suggest,yes,,,,,,,,,,,,
summarize,active,summarize,yes,,,,,,,,,,,,
suppose,active,suppose,,yes,,yes,yes,,,,,,,,
surmise,active,surmise,,yes,,yes,yes,,,,,,,,
surprise,passive,be surprised,,yes,yes,,,,,,,,,,
suspect,active,suspect,,yes,,yes,yes,,,,,,,,
swear,active,swear,yes,,,,,,,,,,,,
tantalize,passive,be tantalized,,yes,yes,,,,,,,,,,
tease,active,tease,yes,,,,,,,,,yes,,,
tell,passive,be told,,yes,,,,,,yes,,,,,
terrify,passive,be terrified,,yes,yes,,,,,,,,,,
test,active,test,,yes,,yes,,yes,,,,,,,
testify,active,testify,yes,,,,,,,,,,,,
theorize,active,theorize,,yes,,yes,,yes,,,,,,,
think,active,think,,yes,,yes,yes,,,,,,,,
thrill,passive,be thrilled,,yes,yes,,,,,,,,,,
torture,passive,be tortured,,yes,yes,,,,,,,,,,
traumatize,passive,be traumatized,,yes,yes,,,,,,,,,,
trick,passive,be tricked,,yes,,,,,,yes,,,,,
trouble,passive,be troubled,,yes,yes,,,,,,,,,,
trust,active,trust,,yes,,yes,yes,,,,,,,,
tweet,active,tweet,yes,,,,,,,,,,,,
tweet,passive,be tweeted,,yes,,,,,,yes,,,,,
type,active,type,yes,,,,,,,,,,,,
uncover,active,uncover,,yes,,yes,,yes,,,,,,,
underestimate,active,underestimate,,yes,,yes,,?,,,,,,,
underline,active,underline,yes,,,,,,,,,,,,
underscore,active,underscore,yes,,,,,,,,,,,,
understand,active,understand,,yes,,yes,yes,,,,,,,,
unnerve,passive,be unnerved,,yes,yes,,,,,,,,,,
unsettle,passive,be unsettled,,yes,yes,,,,,,,,,,
update,active,update,yes,,,,,,,,,,,,
update,passive,be updated,,yes,,,,,,yes,,,,,
uphold,active,uphold,yes,,,,,,,,,,yes,,
upset,passive,be upset,,yes,yes,,,,,,,,,,
utter,active,utter,yes,,,,,,,,,,,,
verify,active,verify,yes,,,,,,,,,,yes,,
vex,passive,be vexed,,yes,yes,,,,,,,,,,
videotape,active,videotape,,yes,,,,,,yes,,,,,
visualize,active,visualize,yes,,,,,,,,,,,,
voice,active,voice,yes,,,,,,,,,,,,
volunteer,active,volunteer,yes,,,,,,,,,,,,
vote,active,vote,yes,,,,,,,,,,yes,,
vow,active,vow,yes,,,,,,,,,,,,
wager,active,wager,yes,,,,,,,,,,,,
warn,active,warn,yes,,,,,,,,,,,,
warn,passive,be warned,,yes,,,,,,yes,,,,,
warrant,active,warrant,yes,,,,,,,,,yes,,,
weep,active,weep,yes,,,,,,,,,,,,
whimper,active,whimper,yes,,,,,,,,,,,,
whine,active,whine,yes,,,,,,,,,,,,
whisper,active,whisper,yes,,,,,,,,,,,,
will,active,will,yes,,,,,,,,,,,,
wish,active,wish,,yes,,yes,yes,,,,,,,,
witness,active,witness,,yes,,,,,,yes,,,,,
worry,active,worry,,yes,yes,yes,?,,,,,,,,
worry,passive,be worried,,yes,yes,yes,?,,,,,,,,
wow,passive,be wowed,,yes,yes,,,,,,,,,,
write,active,write,yes,,,,,,,,,,,,
yell,active,yell,yes,,,,,,,,,,,,
,,,,,,,,,,,,,,,
,,,,,,,,,,,,,,,
